Tweet,Target 1,Stance 1,Target 2,Stance 2,Test/Train/Dev
"@realDonaldTrump Why would the government stop this when our â€œPresident â€œ is among those guiltiest? Money launder much,Trump? #TrumpCorruption,#TrumpCrime,#VoteTrumpOutToSaveAmerica,#Biden2020- https://t.co/3hO8idgpAU",Trump,Against,Biden,Favor,Test
"Okay white women, to the 53% of you who made a terrible decision 4 years ago, I hope youâ€™ve been paying attention and donâ€™t vote for a sexist white supremacist again. Do better. #VoteHimOut #grabhimbytheballot #BidenHarris2020",Trump,Against,Biden,Favor,Test
@dancer39532 @realDonaldTrump Joe Bidenâ€™s a racist and even Kamala Harris called him out for it https://t.co/zfNMBoRbiR,Trump,Neutral,Biden,Against,Test
@realDonaldTrump Cuz we're smart here. Now give Ivanka your phone and go back to bed. [NEWLINE][NEWLINE]#BidenHarris2020 #ByeDon2020 #VoteThemOut #PennsylvaniaForBiden #TyphoidDonny #VoteBlueToEndThisNightmare  #TrumpIsANationalDisgrace  #Resist,Trump,Against,Biden,Favor,Test
"@IngrahamAngle ğŸ™ˆğŸ™‰ you all are working pretty damned hard today to take the focus off your guy aren't you?  LOLOL come on, admit it, you're ashamed, too. trump made a laughingstock of himself - again. [NEWLINE]#BidenHarris2020 ğŸ‡ºğŸ‡¸",Trump,Against,Biden,Favor,Test
"@thereidout If the Pennsylvania legislature tried to give Trump their electoral votes, the Democratic governor could overrule them. #TrumpLiedPeopleDied #BidenHarris2020",Trump,Against,Biden,Favor,Test
"@sftballfreak @NateHoot @SARICH90 @trestin_scott @TomiLahren Not over till it's over. We're against the ropes, I must admit. Trump and supreme court will bounce back. If not, that's fine.i wish Kamala, Joe and all you anti trumpers the best. I will chill on my best egg until the next election. While JOE collapses the economy. LOL. HA",Trump,Favor,Biden,Against,Test
@my3monkees Iâ€™m a Trump supporter but when Iâ€™m polled I say Iâ€™m voting for Biden. Wonder how many of you do the same? #Trump2020,Trump,Favor,Biden,Neutral,Test
"""Whatever you can say about Trump, heâ€™s a good enough marketer to know you canâ€™t sell a loser. And his 2017 tax scheme is one.""[NEWLINE]#BidenHarris2020  #Economy  #Election2020  #JoeBiden2020  #Taxes[NEWLINE]https://t.co/scJtEQCjUm",Trump,Against,Biden,Favor,Test
"I voted and I voted for Joe Biden and Kamala Harris.[NEWLINE]I am getting off social media until later.[NEWLINE]I have railed for years against this administration.[NEWLINE]I'm gonna hope enough of you have helped me turn this ship around.[NEWLINE]This is not a ""not my problem"" situation. Go fookin Vote.",Trump,Against,Biden,Favor,Test
@JoeBiden put every damn ad back on TV. trump is a liar and clearly isnâ€™t sick.  No way he has Covid and then goes for a joy ride.  #BidenHarris2020  #jasonmillerisaliar,Trump,Against,Biden,Favor,Test
"Trump proves again that he is an ignorant, dangerous leader. @JoeBiden proves he's willing to listen to and work with a diverse group of best and brightest in every field--that's what will make him a terrific POTUS #BidenHarris2020  https://t.co/b3TcIoybJf https://t.co/6RTOFpWTnA",Trump,Against,Biden,Favor,Test
"I went on a job site today &amp; all everybody was talking about was how @realDonaldTrump destroyed Sleepy Joe last night. I would never have known all these people were for President Trump. ğŸ”¥In PHILADELPHIA!ğŸ”¥ Silent no more, people are proudly admitting they are voting #MAGA2020",Trump,Favor,Biden,Against,Test
"BREAKING: Cindy McCain plans to endorse Joe Biden tomorrow, following the report that Trump called our fallen soldiers â€œlosersâ€ and â€œsuckers.â€ Good. #JoeKnowsUs #BidenHarris2020 #BlueWave2020",Trump,Neutral,Biden,Favor,Test
"This custody battle for America is so damn ghetto! Trump just let go, youâ€™re deemed as Unfit Bro ğŸ™„! #TrumpMeltdown #WednesdayThoughts #BidenHarris2020 #VoteHimOut #pleasevote",Trump,Against,Biden,Favor,Test
The biggest threat to our nation dwells within the White House. Vote Biden. Pass it on! #BidenHarris2020 https://t.co/bEUCl5NC1I,Trump,Against,Biden,Favor,Test
"DoJ labels New York, Portland and Seattle 'anarchist jurisdictions'[NEWLINE][NEWLINE]This President wants his errand boy Barr to DEFUND cities?[NEWLINE]Ironically if those cities quit paying taxes we might be able to defund DOJ![NEWLINE]Itâ€™s time for a new POTUS &amp; AG![NEWLINE]#VoteBlue2020  https://t.co/4cUvTkzE0D",Trump,Against,Biden,Favor,Test
@EcWitIt Why is always Trump with you guys. I can't stand Trump. That doesn't mean that I going to let Harris get a free pass.,Trump,Against,Biden,Neutral,Test
This is a fresh response from #Bidencampaign It's a great way to respond to the tax dodging and military dodging current president. #BidenHarris2020 #wontbealandslide #TrumpTaxReturns #ivankachinamadeshoes #COVID19 https://t.co/Sx9bWugPji,Trump,Against,Biden,Favor,Test
ğŸš¨ğŸš¨This NYTimes story isn't even trending but it's one of the BIGGEST stories out right now ğŸš¨ğŸš¨[NEWLINE][NEWLINE]Make sure you read it and share it!![NEWLINE][NEWLINE]Please RT the thread[NEWLINE][NEWLINE]ğŸ‘‡ğŸ‘‡ğŸ‘‡ğŸ‘‡ğŸ‘‡ğŸ‘‡[NEWLINE][NEWLINE]#TrumpCrimeFamily #BidenHarris2020 https://t.co/qEUxtUBQ1R,Trump,Against,Biden,Favor,Test
"Look at this comparison of #JobGrowth numbers of the past presidents, going back decades. [NEWLINE][NEWLINE]#Trump has LOST jobs during his presidency because he lied about COVID and ruined our economy.[NEWLINE][NEWLINE]Trump is not up to the job of being president.[NEWLINE][NEWLINE]#JoeBiden is! #BidenHarris2020 https://t.co/8dABxaSKg1",Trump,Against,Biden,Favor,Test
"If you are okay with being dependent on a system you hate called SOCIALISM where the government decides for you and you are stuck ... vote for #BidenHarris.[NEWLINE][NEWLINE]If you get it that independence is freedom, and American jobs and opportunity is how to do that ... vote for #Trump2020.",Trump,Favor,Biden,Against,Test
@realDonaldTrump People want respect for our Constitution and the Office of the President of the United States.  The anthem and the flag are simply symbols of our democracy.  You have spit on our values since the day you announced running for office. #NFL players support our values. #BidenHarris,Trump,Against,Biden,Favor,Test
@realDonaldTrump Unf*** believable...ğŸ˜¡[NEWLINE][NEWLINE]#TrumpKnewAndDidNothing [NEWLINE]#TrumpVirusDeathToll210K [NEWLINE][NEWLINE]#BidenHarris2020[NEWLINE]#BlueWave,Trump,Against,Biden,Favor,Test
ğŸ˜´Joe will b in Hospital by Nov3  ğŸš‘- he is in no condition to do anything. ğŸ´â€â˜ ï¸ â€˜They may give him a shot for the debate ğŸ´â€â˜ ï¸- but doubt there will be one  - even then he wont last- it would expose him to the dems who still dont know how bad it is ğŸ‡ºğŸ‡¸ #Trump2020 https://t.co/UQXID52eTj,Trump,Favor,Biden,Against,Test
"@matthedude 1) Even if Trump loses big and then immediately dies, the GOP will not reverse their descent into madness in time for primary season 2024.[NEWLINE][NEWLINE]2) Even if they nominate the ghost of John McCain, the seal is broken; the pressure on NEJM+the like to endorse Biden will be huge.",Trump,Against,Biden,Favor,Test
Who won the debate today?[NEWLINE]#MAGA #Trump #Patriots #AmericaFirst #KAG #magamedia #MAGA2020 #PatriotsUnited #GodBlessAmerica #Trump2020 #BLMprotest #TrumpLandslideVictory2020 #BLM #JoeBiden #JoeBidenIsTheSwamp #LiberalismIsAMentalDisorder #2020Election #2020PresidentialDebate,Trump,Favor,Biden,Against,Test
"@JesusisLord4God @rikjam1 @truth @JoeBiden Says a dolt who retweets Trump and James Woods.[NEWLINE][NEWLINE]If they are your moral compass, you have bigger problems than worrying about Biden. God bless.[NEWLINE][NEWLINE]#TrumpMeltdown[NEWLINE]#TrumpIsALaughingStock [NEWLINE]#BidenHarris2020",Trump,Against,Biden,Favor,Test
"@MarshaBlackburn @realDonaldTrump You really are a shameless and unrepentant #liar. If you can look in the mirror without throwing up on your shoes, Iâ€™d be surprised. #ShutUp. #BidenHarris2020",Trump,Against,Biden,Favor,Test
@realDonaldTrump Itâ€™s today! The day I go to the polls and vote for Joe Biden and Kamala Harris ğŸ˜Œ,Trump,Against,Biden,Favor,Test
@GovMikeHuckabee @foxandfriends @FoxNews @willcain @PeteHegseth @JedediahBila @realDonaldTrump Joe Biden and his bitch Kamala Harris are bad for America and the World! Recount the 2020 votes by hand under court supervision!,Trump,Neutral,Biden,Against,Test
Trump had made a promise and he had broke it.[NEWLINE]Biden will have a plan and he will keep the wheel rolling at the start of his presidency and beyond. #BidenHarris2020,Trump,Against,Biden,Favor,Test
@SykesCharlie Iâ€™ve never seen our country in worse straights.  Even during war or depression we had confidence in our leaders. There were statesmen in office.  No longer. We need to get rid of the Republican President &amp; Senate! #VoteBlue2020,Trump,Against,Biden,Favor,Test
"For the love of God, MSM and the left, no one cares about POTUS taxes!!! He has donated his salary for the last 4 years!! Can any democratic politician or president say the same...NOPE! #ENOUGHISENOUGH #Trump2020  #WalkAwayFromDemocratsForever #DemocratsAreDestroyingAmerica",Trump,Favor,Biden,Against,Test
@realDonaldTrump DEMOCRATS TRIED TO STOP TRUMP FROM BRINGING OUR TROOPS HOME *THIS YEAR*. [NEWLINE][NEWLINE]#COVID19 #Trump2020,Trump,Favor,Biden,Against,Test
@nprpolitics @NPR This is the first time we've ever had a president this lacking in political and social decorum #Debates2020 #BidenHarris2020 #VoteHimOut2020,Trump,Against,Biden,Favor,Test
But Biden needs to ban fracking. It's destroying our drinking water. Pence lies. https://t.co/pxIspmGud2,Trump,Against,Biden,Favor,Test
@JoeBiden is the most ignorant racist person. Anyone who supports @JoeBiden is a complete moron! #trump2020 #ThatsMyPresident ğŸ‡ºğŸ‡¸ğŸ‡ºğŸ‡¸ğŸ‡ºğŸ‡¸ https://t.co/I6V1Dz9tld,Trump,Favor,Biden,Against,Test
"#KamalaHarris should ask #MikePence, who does #Trump owe $400,000,000.00 to? And the answer is: What are #RussianOligarchs via #DeutscheBank? Just guessing! #Jeopardy #VoteHimOut #VoteBlueToEndThisNightmare #BidenHarris2020 #BidenHarrisLandslide2020 #BidenHarris2020ToSaveAmerica",Trump,Against,Biden,Favor,Test
@perlmutations ğŸ¤”..ya cuz Democrats are so much better.. #dumbass #trump2020 https://t.co/TX804SF34M,Trump,Favor,Biden,Against,Test
"@robbystarbuck he has already had his fare share of time to prove his worth.[NEWLINE][NEWLINE]he did nothing productive is his first 47 years, and he is worse now than ever.[NEWLINE][NEWLINE]if your reading this, giving people second chances is a part of life, giving someone a 48th chance isn't a thing. so don't.[NEWLINE][NEWLINE]#trump2020",Trump,Favor,Biden,Against,Test
@ida_skibenes I feel calm and optimistic.[NEWLINE]Joe and Kamala will win the popular vote and the electoral vote. [NEWLINE][NEWLINE]trump will soon vanish.,Trump,Against,Biden,Favor,Test
@TheRock @JoeBiden @KamalaHarris You should stick to acting! #MAGA2020,Trump,Favor,Biden,Neutral,Test
I guess theses â€œactorsâ€ will do anything to win! So sad .... this is quite gross to look at! ğŸ˜‚ #Trump2020Landslide #Trump2020 #CancelDemocrats #LiberalDemocratsAreAJoke https://t.co/aHbLCyZeh4,Trump,Favor,Biden,Against,Test
Be Smart. #VoteTrumpOut2020 #VoteThemAllOut2020 #VoteBidenHarris2020 #VoteBlue2020 https://t.co/JQFMAW09g8,Trump,Against,Biden,Favor,Test
We all knew he had an earpiece.. [NEWLINE][NEWLINE]#DemocratsAreDestroyingAmerica #Trump2020 #Biden #BidenDementia #VoteRedToSaveAmerica #VoteRed2020 https://t.co/LRy0gymAft,Trump,Favor,Biden,Against,Test
@realDonaldTrump I just voted!! Media not corrupt. The White House and it's occupants are! #BidenHarrisToSaveAmerica [NEWLINE]#VoteBlue2020,Trump,Against,Biden,Favor,Test
Something I actually agree with @TedCruz about.  It will be the end of the GOP (whether Biden wins or not). https://t.co/0njtsGV3oC,Trump,Against,Biden,Neutral,Test
@realDonaldTrump We ALL wanted to see #BidenHarris2020,Trump,Neutral,Biden,Favor,Test
@13thethe @TheGoodMenOrg I hope more of the Conservatives/Republicans (and other sleeping moderates) realize that WE ARE AT WAR TO SAVE THE USA and to save the US Constitution as it was written!!!! #freedom #ScamdemicIsOver #DemocratsTheEnemyWithin #DemocratsHateAmerica #DemocratsAreCorrupt #MAGA2020,Trump,Favor,Biden,Against,Test
@realDonaldTrump They are scared. #JoeBidenIsTheSwamp #Trump2020,Trump,Favor,Biden,Against,Test
Just had to listen to an old white clerk defend himself against a white male customer drinking wine about his endorsement of Biden. The customer said if you vote for Trump you won't have to work a job like this anymore. [NEWLINE][NEWLINE]I've been working here 10 years,Trump,Neutral,Biden,Neutral,Test
@EricTrump #JoeHidden A career politician millionaireğŸ¤” I had no idea it paid that wellğŸ¤£ #MAGA2020,Trump,Favor,Biden,Against,Test
@realDonaldTrump uses military people who have risked death as props. Now he's using a virus that he allowed to kill 204K of us and counting as a prop.[NEWLINE][NEWLINE]Vote him and his crime family out. #Biden2020,Trump,Against,Biden,Favor,Test
"@BenSalango said heâ€™s voting for Biden. Ben, you do realize youâ€™re talking to people in a state that supports Trump by about 70%, right?",Trump,Favor,Biden,Neutral,Test
"@MsResistFL @PeterDaszak Youâ€™re right! [NEWLINE][NEWLINE]Here in Wyoming we only had three options, thankfully Kanye wasnâ€™t one. But they did put the Republican Party first... I too made sure to solidly vote blue #BidenHarris2020",Trump,Against,Biden,Favor,Test
"@AuforGA @davepurcell So he doesn't actually have COVID, does he? It's all a publicity stunt, to gain sympathy and pull attention from Melania's ""f**k Christmas"" tape. #VoteBlue2020 #TrumpVirusDeathToll210K",Trump,Against,Biden,Favor,Test
@realDonaldTrump Continuing to spread coronavirus #BidenHarris2020,Trump,Against,Biden,Favor,Test
"36 more days. Florida, Pennsylvania, Ohio, Michigan, North Carolina, Arizona, Wisconsin and Iowa. We need you more than ever. Our democracy depends on you.                                                                    #VoteEarly #VoteInPerson2020 #VoteBlue2020 #VoteHimOut",Trump,Against,Biden,Favor,Test
The Democrat Party is in full meltdown! They lost the Supreme Court; they nominated a zombie and backed him up with a woman laughing about smoking pot after having incarcerated thousands of blacks for minor drug offenses while not prosecuting connected people! #Trump2020 https://t.co/hg6ZPvytNS,Trump,Against,Biden,Favor,Test
"@SexCounseling The hate is resonating from the head Dems.  Itâ€™s jealousy, they canâ€™t identify it as that.  Trump has knocked every curve ball out of the park.",Trump,Favor,Biden,Against,Test
2. implemented the @JoeBiden team told debate commission absolutely not. They would not allow @JoeBiden ears to be checked for listening devices. Like What The Hell is that about. #CheckJoesEars @realDonaldTrump #Trump2020 #Trump2024 #Trump2028,Trump,Favor,Biden,Against,Test
@bobbih1975 @robren20 @kdbuck69 @PatriotWestward @Krumply4 @PrayingActress @JoeBiden Lmao â€œdddrrrr I gots to be watching the foozz ball izz so smartâ€ğŸ¥´ ..not much else in your sad life huh?ğŸ˜‚ğŸ˜‚ğŸ˜‚#trump2020,Trump,Favor,Biden,Neutral,Test
"The question is: Who did America bring into captivity in 1619, 401 years ago? [NEWLINE]The Bible confirms who we are, Gen 15:13-14. [NEWLINE]So why won't you give us justice America? [NEWLINE]Jacob's Troubles will afflict you/Jacob will be saved out of it[NEWLINE]#Trump2020 #Biden2020 #400yrs #12tribesofisrael",Trump,Neutral,Biden,Neutral,Test
"Biden or Kamala wonâ€™t  commit to their policy on packing the court, Joeâ€™s comment, â€œvote for me Iâ€™ll let you know?â€ On fracking Joes flip flopping, Kamala is against fracking! VOTE RED!",Trump,Favor,Biden,Against,Test
Fact or Fiction.. #VoteHimOut# #VoteBlue2020 Biden# https://t.co/Xs4Y5WXzeM,Trump,Against,Biden,Favor,Test
@realDonaldTrump You sound more like Kim Jong-U.N. with each passing day. #BidenHarris2020,Trump,Against,Biden,Favor,Test
#Trump2020 ? Wish full recovery to see him ask forgiveness to the country for his incompetence and lack of respect for the American people during Covid-19 crisis.#VictoryRoad to #Biden/Harris,Trump,Against,Biden,Favor,Test
"@LindseyGrahamSC @realDonaldTrump I remember what you said in 2016 about Merrick Garland, so does everyone else with a brain!!! When did the entire GOP derail??? Become cowards??? November will be here soon!!! #VoteBlueToEndThisNightmare #VoteBlueToSaveAmerica #VoteBidenHarris2020 #GOPHypocrisy",Trump,Against,Biden,Favor,Test
#ConManTrump First he puts american in harms way #TrumpKilledAmericans Then our #Troups and now our #SecretService Puting People Americans in Danger Time to go Don #VoteHimOut2020 #BidenHarris2020 https://t.co/1IbX9woZFW,Trump,Against,Biden,Favor,Test
Did this ğŸ¤¡ just say ridiculous forrest fires? ğŸ¤¦ğŸ»â€â™€ï¸ #DumpTrump2020 #BidenHarris2020 https://t.co/jtjdbQWTn1,Trump,Against,Biden,Favor,Test
"The focus on Trump's PB call to arms misses the threat of his next remarks. After he said ""stand by"", he said ""something needs to be done"" about left wingers. He then called for his people to ""watch"" the polls ""very hard"".[NEWLINE]#Vote #BidenHarris2020 https://t.co/Zxv8d2K4Nf",Trump,Against,Biden,Favor,Test
"@realDonaldTrump I would rather donate to Jeffrey Dahmerâ€™s meat-smoker purchase than to donate to your criminal, treasonous campaign. #TrumpIsBroke #Biden2020",Trump,Against,Biden,Favor,Test
Ballot arrived! Canâ€™t wait to fill it out and drop it off! #vote #VoteHimOut2020 #VoteBidenHarris2020 #VoteBlue2020 #VoteBlueToSaveAmerica #VoteBlueDownBallot @JoeBiden @KamalaHarris,Trump,Against,Biden,Favor,Test
@realDonaldTrump @DonaldJTrumpJr @EricTrump @jaredkushner @IvankaTrump @Biden #BidenHarris2020[NEWLINE]And what will you try next ğŸ˜‚ğŸ˜‚ https://t.co/YanNzTbxJa,Trump,Neutral,Biden,Favor,Test
Iâ€™m just gonna leave this right here... and thatâ€™s on periodt as the kids say these days. #vote #bidenharris2020 #dumptrump @ United States America https://t.co/luoYKPaYWZ,Trump,Against,Biden,Favor,Test
Believe and act accordingly![NEWLINE]We  know what GOP has shown [NEWLINE]us . #VoteBidenHarris2020 #VoteOutEveryRepublican #RIPRGB https://t.co/90NNfSOWqI,Trump,Against,Biden,Favor,Test
#TrumpIsATraitor #BidenHarris2020ToSaveAmerica #BREAKING #Trending #BidenHarris #BidenHarris2020 #Debates2020 #kimberly #Blacklivesmatter [NEWLINE][NEWLINE]LAUGHING MY FUCKING ASS OFF BEECH[NEWLINE][NEWLINE]HOUSE OF CARDS IS COLLAPSING https://t.co/G0IkypAQK2 https://t.co/huvYRlLJEo,Trump,Against,Biden,Favor,Test
@KamalaHarris No you and Creepy Joe Biden are the weak ones. #Trump2020,Trump,Favor,Biden,Against,Test
Trump is at work for us. Bye-then is taking a nap. #MAGA2020,Trump,Favor,Biden,Against,Test
"@JoeBiden Reasons to vote Trump: [NEWLINE]Reasons to vote Biden: He stands for everything good and has already changed a lot a lives AND saved a bunch of lives, he is literally the nicest person ever and he would have the best influence on America, an influence that really needs[NEWLINE]We need Joe&amp;Kamala",Trump,Against,Biden,Favor,Test
District 9 List of People on the Ballot. Don't vote blindly:[NEWLINE][NEWLINE]Presidential &amp; Vice Presidential Candidates:[NEWLINE]Joe Biden &amp; Kamala Harris[NEWLINE]Donald Trump &amp; Mike Pence[NEWLINE]Howie Hawkins &amp; Angela Walker[NEWLINE]Jo Jorgensen &amp; Jeremy Cohen[NEWLINE]Brock Pierce &amp; Karla Ballard,Trump,Neutral,Biden,Neutral,Test
"@GOPLeader KevinMcCarthy, do u ever tire of the lies and divisive rhetoric?[NEWLINE][NEWLINE]The #American people are no longer fooled by #Trump enablers [NEWLINE][NEWLINE]American people are desperate for honesty, integrity and leadership[NEWLINE][NEWLINE]Your nonstop finger-pointing is exhausting[NEWLINE][NEWLINE]#Democracy #Biden2020",Trump,Neutral,Biden,Favor,Test
"Found out @SteveScully is the moderator for the 2nd presidential debate. Never heard of him, so I scrolled his tweets. Heâ€™s just another liberal hack. Once again, @realDonaldTrump will be debating two losers. #trump2020",Trump,Favor,Biden,Against,Test
Ex-husband says Jill #Biden 'betrayed' him by cheating on him with #JoeBiden; Biden camp denies it[NEWLINE][NEWLINE]https://t.co/2kbH8D2PEw #JoeBidenIsNotWell #JoeBidenIsSenile #BidenRiots #Democrats #LiberalHypocrisy #JoeBidenHasDementia #UnfitToBePresident #UnfitForOffice #Trump2020,Trump,Favor,Biden,Against,Test
"@jori_d0523 @realDonaldTrump @JoeBiden A cut for the ""Big Guy"" [NEWLINE][NEWLINE]Hunter doing business with the ""Spy chief of China"" [NEWLINE][NEWLINE]If Joe Biden wins he could get arrested shortly after, If Biden resigns from public office prior to electoral college meeting on Dec 14  the party can choose the president, (not necessarily Kamala)",Trump,Neutral,Biden,Neutral,Test
We should always mourn those with integrity! There are so few left in our world! We need to nourish those who have not sold their souls to Trumps dark America #VoteBlue #Biden2020 https://t.co/qDo7JqrZQq,Trump,Against,Biden,Favor,Test
ğŸ¤¬[NEWLINE][NEWLINE]F@&amp;CK HIM![NEWLINE][NEWLINE]VOTE FOR[NEWLINE][NEWLINE]JOE AND KAMALA! [NEWLINE][NEWLINE]ğŸ‡ºğŸ‡¸  ğŸ‡ºğŸ‡¸  ğŸ‡ºğŸ‡¸  ğŸ‡ºğŸ‡¸  ğŸ‡ºğŸ‡¸  ğŸ‡ºğŸ‡¸  ğŸ‡ºğŸ‡¸[NEWLINE][NEWLINE]50 Cent endorses Trump for President after seeing Biden's alleged tax plans.[NEWLINE][NEWLINE]ğŸ˜¡[NEWLINE][NEWLINE]https://t.co/LiCOTWxnMR,Trump,Neutral,Biden,Favor,Test
ğŸ˜‚ğŸ˜‚ğŸ˜‚ wonder if she understands how  Self righteous that made her sound. [NEWLINE]  My 4 year old heard Joe biden call the POTUS a clown and yelled your the clown Joe biden ğŸ¤£ğŸ¤£ğŸ¤£ ... I high fived her ğŸ¤·â€â™€ï¸ were not the same[NEWLINE][NEWLINE]#Trump2020 [NEWLINE]#PrideFamily #PrideNews1 https://t.co/hECLYif31n,Trump,Favor,Biden,Against,Test
@CNBC #IPAIDMYFAIRSHARE and want to #VoteHimOut and end this road to #KLEPTOCRACY [NEWLINE][NEWLINE] Our country needs decency and honesty.[NEWLINE] #BidenHarris2020,Trump,Against,Biden,Favor,Test
"Kiss  all this GOODBYE if the Dems get in. They HATE US &amp;  America; they canâ€™t wait to take every good thing President @realDonaldTrump did for us, AWAY. I WILL CRAWL OVER BROKEN GLASS ON MY HANDS &amp; KNEES TO VOTE, IN-PERSON FOR PRESIDENT TRUMP! #Trump2020 #VoteTrumpToSaveAMERICA https://t.co/ADztvYfr6Y",Trump,Favor,Biden,Against,Test
"@JoeBiden Yeah, LETS! #TrumpPence2020",Trump,Favor,Biden,Neutral,Test
Biden notices his campaign bus. ğŸ¤£ğŸ¤£ @realDonaldTrump @JoeBiden https://t.co/L595hgb5C6,Trump,Neutral,Biden,Neutral,Test
@btymf_bison @JoeBiden Sorry Trump is going to win again,Trump,Favor,Biden,Neutral,Test
.@TeamTrump launched a new TV ad featuring former Obama supporter &amp NFL player @JackBrewerBSI that contrasts President @realDonaldTrumpâ€™s strong record of producing real results for Black America to Joe Bidenâ€™s history of failed policies that have devastated the Black community! https://t.co/hjsYlWwy2W,Trump,Favor,Biden,Against,Test
"@realDonaldTrump @RepDougCollins @SecretarySonny Good!! No way a red state turns blue for a 47 year in politics accomplishing nothing, expect lining his crooked pockets, like Joe Biden and his Marxist cohort Kamala Harris.",Trump,Neutral,Biden,Against,Test
Such a contrast to Donald Trump. John Major was similarly classy when he left champagne for the Blairs in Downing Street. Trump is a disgrace to the office. #Biden2020 https://t.co/v3P5KvSaoy,Trump,Against,Biden,Favor,Test
@JohnWisniewski @realDonaldTrump @JoeBiden Joe Biden is afraid to even look up from his notes. He's going to hide in his office for 4 years working on his memoirs while Kamala Harris destroys our country.,Trump,Neutral,Biden,Against,Test
"@imjdsharp @GotJanie @realDonaldTrump Trump is the joke.  Do you not know how many times he has publicly lied to you? Well over 20,000 times. But a month before an election (which he's losing btw),he's giving away free therapeutics?  It's a lie. It's a campaign ploy. Don't believe him. #VoteHimOut #BidenHarris2020",Trump,Against,Biden,Favor,Test
Well Trump no more&amp; those banana Republicans have shown whatshallow people they are &amp;they wouldnâ€™t know how to run a piss up in a brewery Well they better get ready with their excuses why the country is in such a mess good luck Joe&amp;Kamala #TrumpsChinaBankAccounsecret https://t.co/5wq3xuo3ih,Trump,Against,Biden,Favor,Test
PRINCE PHILIPâš«ğŸ‘‘[NEWLINE]QUEEN ELIZABETH IIâšªğŸ‘‘[NEWLINE]THE BRITISH AUTHORITIESğŸ‡¬ğŸ‡§[NEWLINE](NÃ‰âš“) KATEğŸ‡¬ğŸ‡§ [NEWLINE]RABYNğŸŒ¿ğŸ‡§ğŸ‡§ &amp; KATâ™ [NEWLINE]PRINCESS KAMALAğŸ²[NEWLINE]PRINCE AHHYGAH BERLINğŸ‡¬ğŸ‡§ğŸŒ¿[NEWLINE][NEWLINE]RABYNğŸŒ¿[NEWLINE]we cant even talkğŸš”[NEWLINE]once in office[NEWLINE][NEWLINE]wait/why?[NEWLINE][NEWLINE]cc: president donald j. trump[NEWLINE]CC: PRESIDENT JOE BIDEN[NEWLINE]CC: VP KAMALA HARRISğŸ‡ºğŸ‡¸ğŸ‡«ğŸ‡·ğŸ‘,Trump,Neutral,Biden,Neutral,Test
@DPWIMM @realDonaldTrump Did you see that line of people? Bidenâ€™s line is 4 Karens and a Brian wearing pink puss hats. #Trump2020,Trump,Favor,Biden,Against,Test
"If the American people vote overwhelmingly for Joe Biden and Kamala Harris, we can mute Trump and his enablers from politics forever. #Debates2020Â  #PresidentialDebate2020",Trump,Against,Biden,Favor,Test
Trump on the Road to Recovering from Covid-19 infection . Showing once again that Hopes and Prayers Don't Work . Vote Him Out . #BidenHarris2020,Trump,Against,Biden,Favor,Test
"Gee ğŸ™„ I wonder why @FOXTV and Wallace only allowed 2 mins.[NEWLINE][NEWLINE]Trying to control @realDonaldTrump much?? [NEWLINE][NEWLINE]When you know, if respectfully allowed to speak, he will crush @JoeBiden ?? ğŸ¤”[NEWLINE][NEWLINE]#Trump2020 #Debates2020",Trump,Favor,Biden,Against,Test
Just watched the first and my first ever #PresidentialDebate2020 And oh my God that was embarrassingly hilarious!! #TrumpMeltdown #BidenHarris2020,Trump,Against,Biden,Favor,Test
Y'all @JoeBiden is about to get destroyed at the debate tonight. I guarantee he's gonna stutter through every response and Trump is gonna wreck him for it. [NEWLINE][NEWLINE]#PresidentialDebate2020 #PresidentialDebate #Trump2020 #JoeBiden #Adderall,Trump,Favor,Biden,Against,Test
"Exactly.[NEWLINE][NEWLINE]I am not calling for the election results to be overturned *yet* but I do want to ensure that Biden won fair and square. If it turns out that he did win fair and square, all I can say is congratulations to Joe and Kamala, and that Trump should concede. https://t.co/UiTvG5HOdz",Trump,Neutral,Biden,Neutral,Test
"@EricTrump @nypost @JoeBiden ğŸ¦ ğŸšğŸ˜ğŸ˜,ğŸ˜ğŸ˜ğŸ˜ ğ”¸ğ•„ğ”¼â„ğ•€â„‚ğ”¸â„•ğ•Š ğ”»ğ”¼ğ”¸ğ”»ğŸ¦ [NEWLINE] [NEWLINE]Letâ€™s not lose sight of the fact that @realDonaldTrump completely bungled the United Statesâ€™ Coronavirus response. He failed miserably. The gig is up in 41 days.[NEWLINE][NEWLINE]#Trump2020 [NEWLINE]#TrumpIsANationalDisgrace [NEWLINE]#TrumpIsALoser[NEWLINE]#Vote https://t.co/lzZFKfCDOe",Trump,Against,Biden,Neutral,Test
"Yet ANOTHER example of how #Veterans are called suckers &amp; losers, then treated as such by this ""president"" &amp; administration. We must #vote to save the nation before whatever's left is destroyed. #BidenHarris2020 https://t.co/XyWGRoqyhU",Trump,Against,Biden,Favor,Test
@JoeBiden SHUT IT #MAGA2020 ğŸ‡ºğŸ‡¸,Trump,Favor,Biden,Against,Test
@JoeMontana Wow Joe! Iâ€™m glad everyone is OK. Love â¤ï¸ you Brother. Please vote #Trump2020 #FourMoreYears We canâ€™t trust the other..,Trump,Favor,Biden,Against,Test
"Hey dummy, tell us what you're going to do as president.  Not how much of a reprobate Trump is.[NEWLINE][NEWLINE]Oh, by the way?  What about Hunter's Russian problem?  Care to answer that or do you want to bash Trump more?[NEWLINE][NEWLINE]#DementiaJoe[NEWLINE]#TRUMP2020 https://t.co/nqjweVWiYp",Trump,Favor,Biden,Against,Test
@realDonaldTrump @CNN @nytimes Trump finally got his cover. #BidenForPresident https://t.co/jvVK7YSEho,Trump,Neutral,Biden,Favor,Test
"If Trump had tested negative before the debate, they would say so.[NEWLINE][NEWLINE]Clearly, he didn't. So what does that mean?[NEWLINE][NEWLINE]Trump knowingly went to a debate with coronavirus, shouted and spewed germs all over the room, put dozens of people at risk including Biden, and lied about all of it.",Trump,Against,Biden,Neutral,Test
The #KKK is a #Racist Organization that promoted #Slavery. [NEWLINE]The #DemocraticParty is a Racist Organization that promoted Slavery. [NEWLINE]Are you a Proud #Democrat? [NEWLINE]#Trump2020 https://t.co/mbyy1rKn6x,Trump,Favor,Biden,Against,Test
It doesnâ€™t matter if Trump didnâ€™t mean anything by â€œstand back and stand byâ€. Interpretation is everything and the Proud Boys interpreted that as marching orders.[NEWLINE][NEWLINE]It also doesnâ€™t matter that he denounced white supremacy a day later... it shouldâ€™ve been immediate. #Biden2020,Trump,Against,Biden,Favor,Test
"#Trump flies around the country SuperSpreading COVID-19 and wild conspiracies at his rallies.  Another from a series from @clapanta[NEWLINE].  [NEWLINE]#NationalVoterRegistrationDay [NEWLINE]#Biden[NEWLINE] #Biden2020 [NEWLINE]#TrumpLied200KAmericansdied #VoteBlueToEndThisNightmare [NEWLINE][NEWLINE]If you agree, RT this and SUBSCRIBE https://t.co/XZvWCzieik",Trump,Against,Biden,Favor,Test
Trump is making all types of economic / peace deals. While Democrats are creating mobs tearing down historical statutes and destroying WHOLE cities. Its a NO brainer on who to vote for in 2020. Trump builds! Democrats DESTROY!  ğŸ˜…  #Trump2020. #Trump2020LandslideVictory,Trump,Favor,Biden,Against,Test
"Typical Trump. Putting his staff and drivers at risk of contracting COVID to go for a propaganda joy ride outside Walter Reed. Meanwhile, most people canâ€™t even visit their dying family members for 5min. #BidenHarris2020 #VoteHimOut2020",Trump,Against,Biden,Favor,Test
Proud Boys taking their queue from #trump today #TrumpMeltdown #BidenHarris2020 https://t.co/Bthp2Dgmy3,Trump,Against,Biden,Favor,Test
"@warpedpoetry21 Turn on at least one tv and tune in to Biden. Give him the ratings, just to stick it to Trump.",Trump,Against,Biden,Neutral,Test
@Ms_HotMess_ @MikeLBullard @siva_chanel @icecube Yet I bet your voting for Joe Biden who has by far the most racist history between the two.. Makes everything you say irrelevant... Joe Biden and Kamala Harris has some more harm to the black community than Donald Trump ever did....,Trump,Favor,Biden,Against,Test
@realDonaldTrump No you wonâ€™t....start preparing for your jail time...... itâ€™s coming... #BidenHarris2020,Trump,Against,Biden,Favor,Test
People actually think Biden has a chance against  #Trump2020 ?,Trump,Favor,Biden,Against,Test
"@KamalaHarris @JoeBiden Dominate and Annihilate trump, Joe aka 46 ğŸ‡ºğŸ‡² #BidenHarris2020 #WinningTeam #PresidentialDebate #TrumpTaxReturns #TrumpHatesOurMilitary #TrumpKnew #TrumpLiedPeopleDied[NEWLINE][NEWLINE]GO JOE ğŸ“£ğŸ—³ï¸ğŸ‘ğŸ‘ğŸŒŠğŸŒŠğŸŒŠğŸŒŠğŸŒŠğŸŒŠ",Trump,Against,Biden,Favor,Test
People are saying that the #RIPGOP is need of money?[NEWLINE]tRump has 100's Lawyers on the payroll w/kickbacks and you wonder where the money went?[NEWLINE]#RrealDonaldTrump #MAGA2020 #KAG2020 [NEWLINE]You're Money!! #VoteBlueToEndThisNightmare,Trump,Against,Biden,Favor,Test
"ğŸ˜‚ â€œherd mentalityâ€ ğŸ¤¬ HERD IMMUNITY NURSE PERSON. Where did she get her NA cert? At one of Trumpâ€™s â€˜schoolsâ€™ I bet![NEWLINE][NEWLINE]ğŸ‘‰ğŸ¼ Everyone please! - Put down your Twitter feed, wine and cat so you can GET OUT AND VOTE! ğŸ—³ğŸ—³ (but not twice!) #BidenHarris2020 #TrumpIsARacist https://t.co/kEMUvX7mV6",Trump,Against,Biden,Favor,Test
"@FreedomWorks Yep, #ChinaBiden... needs more #ChinaMoney to line those pockets before he retires! #Trump2020",Trump,Favor,Biden,Against,Test
"If I were in charge, I would subpoena Joe Biden's bank accounts, Rosemont Seneca's bank accounts &amp; check any large purchases Joe mad in cash.[NEWLINE]After all, he's running for President! We must know if any ğŸ’° was funnelled to him.[NEWLINE]#MoscowHunter [NEWLINE]#WednesdayWisdom [NEWLINE]#Biden [NEWLINE]#MAGA2020 https://t.co/T1qOc5yBTp",Trump,Favor,Biden,Against,Test
How do you trust and vote for this current #TrumpAdministration with all these sick politicians? They donâ€™t even lead by example. #plague  #TrumpLiesAmericansDie  #BidenHarris2020,Trump,Against,Biden,Favor,Test
"NOT WELL ğŸ˜·ğŸ¥µğŸ¤’ğŸ¤•ğŸ¤§ğŸ¤®[NEWLINE]#DONALDDEATH 207,000+ AMERICANS MURDERED BY @realDonaldTrump ğŸ˜¥ğŸ˜“ğŸ¤§ğŸ˜µ[NEWLINE]#VOTEHIMOUT ğŸ˜¤ğŸ˜ ğŸ¤¬ğŸ¤¯[NEWLINE]#LYINGDONALD ğŸ¤¬ğŸ˜ [NEWLINE]#CROOKEDtrump ğŸ˜±ğŸ˜ˆğŸ¤¡[NEWLINE]#RUSSIANASSET[NEWLINE]#BIDENHARRIS2020 ğŸŒŠğŸ‡ºğŸ‡¸âœŠğŸ¿ğŸ¤˜ğŸ»ğŸ’¯ https://t.co/YxvF1TSWTh",Trump,Against,Biden,Favor,Test
@realDonaldTrump @TeamTrump  I have important work to do right now. But it makes me sick seeing all the crap that trump is doing to stay in power. He simply can't get more time to destroy our country. Can't have #DictatorTrump #VoteHimOut #BidenHarris2020,Trump,Against,Biden,Favor,Test
"@GOP @realDonaldTrump Yes &amp; all my family &amp; friends are voting early for #BidenHarris2020 also voting #BidenHarris2020 are my hairdresser, my massage therapist,my neighbors, my mechanic, my doctor.  Only 1 cuckoo brother was going to vote for you but he moved &amp; failed to register at his new address.",Trump,Against,Biden,Favor,Test
@TrumpStudents @realDonaldTrump No #FakeNewsMediaClowns  [NEWLINE][NEWLINE]#LyinSleepyWiredUpJoeBiden probably played like excited[NEWLINE]Telling everyone that #Trump2020 Supporters[NEWLINE]switched to support Biden ğŸ˜„ ..  NOPE,Trump,Favor,Biden,Against,Test
A united #Resistance is the only thing that can save our nation -FOLLOW ALL WHO: [NEWLINE][NEWLINE]LIKE [NEWLINE]RT[NEWLINE]COMMENT [NEWLINE][NEWLINE]@realDonaldTrump is the biggest POS to ever exist in our entire multi-versal quantum construct &amp; it's time for him to go. [NEWLINE][NEWLINE]#Resist #Biden2020 #CORRUPTDOJ #TraitorTrump https://t.co/3hWfqAavsp,Trump,Against,Biden,Favor,Test
A former model accuses Trump of sexual assault at the 1997 US Open https://t.co/LoHOksipK7 via @MotherJones #DumpTrump #VoteBlue2020,Trump,Against,Biden,Favor,Test
@BeholdIsrael Democrats have been setting this false narrative up for a while now! DECEPTION!! People really need to get out and personally vote! There is already ballots being found that's been thrown out and not counted from the military! IT'S A DISCRACE TO THIS NATION!! #TRUMP2020 ğŸ‡ºğŸ‡¸ ğŸ’¯ğŸ™,Trump,Favor,Biden,Against,Test
You have my support Mr. Joe Biden and Ms. Kamala Harris. May the force be with you..... always. @JoeBiden @KamalaHarris @ProjectLincoln @HamillHimself @realDonaldTrump https://t.co/dGBPtGZIgh,Trump,Neutral,Biden,Favor,Test
43 days tile Election Day. Time for 45 to go! Like/retweet if you agree! Letâ€™s find each other and defeat every![NEWLINE][NEWLINE]#IFB #F4F #FBR [NEWLINE]#Resist #BLM #GreenNewDeal #ClimateChange #ProChoice #BidenHarrisToSaveAmerica #BidenHarris2020 #MitchMustGo #DitchMitch [NEWLINE][NEWLINE]#Trump Must Go!!!,Trump,Against,Biden,Favor,Test
"Itâ€™s going to take me a little bit to get caught up on my follow backs! Please know if youâ€™re following Trump, Pence, Rudy, Kelley Anne or anybody else in the cult! Iâ€™m not following you back! I support President Joe Biden and Vice President Kamala Harris! ğŸ—³â¤ï¸ğŸ¤ğŸ’™ğŸ‡ºğŸ‡¸ğŸ‘ŠğŸ¾",Trump,Against,Biden,Favor,Test
How many times did #SleepyJoe just say White Supremacist  to his empty crowd on a battlefield where thousands of #Republicans were killed to free the Slaves from the #Democrats?  Not one word about #BLM just â€œpeaceful protestersâ€. What a joke.#maga2020,Trump,Favor,Biden,Against,Test
Todayâ€™s donation: helping Democrats take back the Senate in 2020. #TrumpCrimeFamily #TaxFraudTrump #TrumpTaxCheat #BidenHarris2020 #VoteHimOut #Vote #VoteBlueToSaveAmerica [NEWLINE]https://t.co/XBhuGMHJm2,Trump,Against,Biden,Favor,Test
Jo Jorgensen needs a voice in the debates. We need to break break of this idiotic 2 party system and give Americans more option. Name one reason why she shouldnâ€™t be in the spotlight more. #Debates2020 #JoJorgensen2020 #Trump2020 #Biden2020,Trump,Neutral,Biden,Neutral,Test
"@Olivianuzzi @ErinMPerrine So let me get this straight. Trump is an expert on a virus that he was infected with that he himself said was a hoax. Which is utter nonsense. Trump is a sullen, nefarious moron. I bet he will wear a mask now. 200k plus are dead because of his lies. #VoteBlue  #BidenHarris2020",Trump,Against,Biden,Favor,Test
So Amy Coney Barrett says she never heard about Trumps comments about how he needs another seat on the court before the election...until Democrats  asked about it? Harris asked and that was the answer.,Trump,Neutral,Biden,Neutral,Test
So remember the other night when @realDonaldTrump said none of his rallyâ€™s had been super-spreader events? Technically thatâ€™s because his entire candidacy and Presidency have been. ğŸ¤·ğŸ¼â€â™‚ï¸ #WearAMask #AmericasGreatestMistake #BidenHarris2020,Trump,Against,Biden,Favor,Test
Joe Biden has to be the most nervous man in America right nowğŸ¤£ #2020Election #PresidentialDebate #PresidentialDebate2020 #TrumpvsBiden #Trump2020,Trump,Favor,Biden,Against,Test
@EricTrump @realDonaldTrump Ratings are against you...and you know how Pops LIVES for the ratings...#BidenHarris2020,Trump,Against,Biden,Favor,Test
"@True_Canuck1 And that attitude is why the GOP is going to get buried for a generation, motherfucker. #BidenHarris2020",Trump,Against,Biden,Favor,Test
"@davidmweissman It seems, to me, consistent with Jewish faith that good will prevail in the long term - but not necessarily in any individual battle. [NEWLINE][NEWLINE]That said, I cannot believe that the American people merit the hell of another four years of Trump. I hope so much for Joe &amp; Kamala to win.",Trump,Against,Biden,Favor,Test
"Biden stated on national television he ""DOES NOT SUPPORT THE GREEN NEW DEAL""! He also refused to answer the question, if he was going to ""PACK THE COURT"" ! In his own word's. ""C'mon Man""! How could anyone honestly believe he is nothing more than a liar! [NEWLINE][NEWLINE]#TRUMP2020 [NEWLINE]â¤ğŸ‡ºğŸ‡¸â¤ğŸ‡ºğŸ‡¸â¤ğŸ‡ºğŸ‡¸",Trump,Favor,Biden,Against,Test
@TeamTrump @realDonaldTrump #Trump2020 is our most resilient leader. He won't let the #COVID19 stop him from getting the work done for the American people! His symptoms were mild and nothing to be concerned about. I'm so grateful that we can get back to business as normal. #JoeBiden can resume his campaign. https://t.co/o4sAYolcaQ,Trump,Favor,Biden,Neutral,Test
"TRUMP ONCE AGAIN -Immensely Irresponsible, insensitive to those mourning or sick, disgustingly arrogant! #VoteBlue2020 please ğŸ™ğŸ»ğŸ™ğŸ»ğŸ™ğŸ» https://t.co/ocLDvXydBn",Trump,Against,Biden,Favor,Test
"Michelle Obama urges Americans to vote for Joe Biden in new campaign video  https://t.co/uQvV3g6CyG[NEWLINE][NEWLINE]Letâ€™s be honest.[NEWLINE][NEWLINE]Michelle has no respect for doddering Biden, but if @realDonaldTrump wins, the criminal investigation into Barackâ€™s treasonous actions will continue.",Trump,Neutral,Biden,Against,Test
"Remove Trump Now!!![NEWLINE]#RemoveTrumpNow [NEWLINE]Save our country from the Cheat![NEWLINE]#ProtectDemocracy [NEWLINE]#ImpeachBarr [NEWLINE]#ImpeachTrumpAgain [NEWLINE]We cannot wait until November! [NEWLINE]#BidenHarris2020 [NEWLINE]@SpeakerPelosi Call a vote! Stand up! Or, get out of the way!",Trump,Against,Biden,Favor,Test
"@chrissyteigen Oh and you think Joe and Kamala are truthful?!?! Like they all lie, cheat, and scam stop acting like itâ€™s some new thing that PRESIDENT Trump is doing!!! And the fact that you use your platform to seep your opinions and emotions into other peoples minds is disgusting!",Trump,Favor,Biden,Against,Test
"Iâ€™ve finally broken down in tears. It hit home. Youâ€™re outta here @realDonaldTrump, you racist, lying, misogynistic, murdering fraud. PRESIDENT JOE BIDEN, VICE PRESIDENT PRESIDENT KAMALA HARRIS.",Trump,Against,Biden,Favor,Test
"Given how many times Trump and Rudy had been warned by the IC this anti-Biden stuff was an effort by Putin to launder disinfo into US politics, and that our govt declared one of Rudy's top contact a Russian spy, it's hard not to review this busted op as something akin to treason. https://t.co/2HZEPNR5dP",Trump,Against,Biden,Neutral,Test
@ComfortablySmug Still think Trump should challenge Kamala to a debate since Nancy deemed Joe unfit. That would be a classic Trump move.,Trump,Against,Biden,Against,Test
"@realDonaldTrump #TrumpVirus has now killed around 210,000 Americans and almost 7,5000,000 have now caught it including trump, but nothing to see here... #BidenHarris2020 https://t.co/yV5qb5UQM3",Trump,Against,Biden,Favor,Test
"@SureReality @bubbaprog At least Biden wears a mask when dealing with voters, more than Trump has ever done at his rallies rant-spitting on his constituents for hours on end.  He loves his people THAT much![NEWLINE][NEWLINE]#TrumpIsATraitor [NEWLINE]#Biden2020 [NEWLINE]#BidenHarrisLandslide2020 [NEWLINE]#BidenHarrisToSaveAmerica [NEWLINE]#TrumpFailed",Trump,Against,Biden,Favor,Test
"We are CLEARLY teetering on the edge of fascism. His presidency has been worse than anybody could have imagined, and the people who have worked for him have said a 2nd term would be even worse. Our system is broken, but allowing an autocrat would be worse.[NEWLINE]#Vote #BidenHarris2020 https://t.co/rkEBnXHbI1",Trump,Against,Biden,Favor,Test
"#VoteHimOut[NEWLINE]#VoteBlue2020[NEWLINE]#VoteBiden[NEWLINE][NEWLINE]Nearly 2,000 DOJ Alumni Sign Letter with Dire Warning: Bill Barr Is Working to Rig 2020 Election for Trump https://t.co/lA63mGJg6F",Trump,Against,Biden,Favor,Test
@TeamTrump President Trump please donâ€™t let this son of a bitch crazy creepy pedophile motherfucker of Joe Biden and his brown paper bag bitch of Kamala Harris wining this elections do not let them win. Theirs  fraud! Weâ€™re standing by your side  commander-in-chief,Trump,Favor,Biden,Against,Test
After last night my thoughts #PresidentialDebate #VoteHimOut #shutupman #Trump #JoeBiden #VoteBlue2020 #VoteHimOut2020 ğŸ¤·â€â™‚ï¸ https://t.co/lUImzgQY7T,Trump,Against,Biden,Favor,Test
"This all day everyday. Like all bullyâ€™s when he loses he will back down, concede and walk away. Everything is meant to distract. #VoteHimOut2020 #vote #BidenHarrisLandslide2020 #BidenHarris2020 https://t.co/roWjj5aOJX",Trump,Against,Biden,Favor,Test
@realDonaldTrump Honey I feel less safe &amp; secure with you in office than I have EVER felt. Joe and Kamala will fix that. #BidenHarris2020 https://t.co/DlC43dHoTt,Trump,Against,Biden,Favor,Test
@ProjectLincoln @reedgalen America's nightmare... because it proves there was no #RussianCollusion you mean?[NEWLINE]Except for the Bidens of course.[NEWLINE][NEWLINE]#Elections2020 #Debates2020[NEWLINE]#BidenHarris2020 #Trump2020[NEWLINE][NEWLINE]https://t.co/oWxroboNsd[NEWLINE][NEWLINE]https://t.co/hMyNhnHTHE https://t.co/Rs4KAkGoKQ,Trump,Neutral,Biden,Against,Test
"@ggreenwald â€œThis idea that everyone can relax and go to sleep and stop paying attention once the Good Parents, Joe &amp; Kamala, are in chargeâ€ What? Almost nobody has this idea! Libs and Nat Sec Rs are NOT the majority of folks voting against Trump. Your framing is so far off",Trump,Against,Biden,Neutral,Test
@realDonaldTrump So @realDonaldTrump if I don't agree with you I'm automatically someone bad? You destroy democracy with your exaggerated scare tactics.  Vote for Joe Biden and Kamala Harris.,Trump,Against,Biden,Favor,Test
@JoeBiden Did you think we forgot about this #Trump2020 https://t.co/IbG8NDtDXS,Trump,Favor,Biden,Neutral,Test
"@ewarren @JoeBiden @katieporteroc I wish I could vote! So badly! You have a virtual vote from Scotland, and I can guarantee you would have MANY more if we could vote. GET TRUMP OUT OF OFFICE. He is SO incompetent and a danger to America and to the rest of the world. #BidenHarris2020 #VoteHimOut",Trump,Against,Biden,Favor,Test
"Not ONE man has the right to tell a woman what to do with her body, especially one that states ""grab 'em by the pussy."", while emphatically mocking women.[NEWLINE]#VOTEBIDEN [NEWLINE]#VoteBlue2020 [NEWLINE]#VoteBidenHarris2020 [NEWLINE]#VoteBlueToEndThisNightmare [NEWLINE]#VoteBlueToSaveAmerica2020 https://t.co/t57WWCEfcv",Trump,Against,Biden,Favor,Test
@catzzz911 @staceyabrams Thank you for your thoughts and advice. We are truly trying but this hold tRump has on some people is beyond my understanding.  This American is going to vote #BidenHarris2020 though. ğŸ™‚,Trump,Against,Biden,Favor,Test
Seriously if your telling me to my research on the president then you do the same! #COVID19 we are still in a pandemic #Election2020 #BidenHarris2020,Trump,Neutral,Biden,Favor,Test
"TWO HUNDRED THOUSANF PEOPLE HAVE DIED OF #COVID19 UNDER trump's WATCH.  IT DID NOT HAVE TO BE LIKE THIS.  #BidenHarris2020 will take steps to make us safe.  turmp is happy to let us burn, and so he is a #weakloser #VoteBidenHarrisToSaveAmerica #RepublicansForBiden",Trump,Against,Biden,Favor,Test
We know what Biden supports and we know what you support. #BidenHarris2020 #TrumpVirusDeathToll211K https://t.co/K4p7HSOQ3H,Trump,Against,Biden,Favor,Test
@ProjectLincoln @Mike_Madrid AMERICANS: You donâ€™t have to say whom you are voting for. But deep in my heart I hope that you do vote for #BidenHarris2020 . We all know that our country canâ€™t have another four years of Trump.,Trump,Against,Biden,Favor,Test
"If you think Kamala Harris &amp; her KHIVE is on Americas side, you're wrong. Helping raise funds to bail out violent protesters &amp; even a pedophile should disqualify her from VP &amp; impeached from the Senate ASAP. Check out her new business card below. [NEWLINE][NEWLINE]#TRUMP2020 ğŸ‡ºğŸ‡¸ğŸ‡ºğŸ‡¸ğŸ‡ºğŸ‡¸ğŸ‡ºğŸ‡¸ğŸ‡ºğŸ‡¸ #TRUMPğŸ‡ºğŸ‡¸ https://t.co/mTmPYYENLE",Trump,Favor,Biden,Against,Test
"@realDonaldTrump TRUMP: ""Three weeks in, Joe is shot, let's go Kamala, are you ready?""[NEWLINE][NEWLINE]Just making it clear that this fascist dipstick is literally fantasizing about the assassination of his opponent.[NEWLINE][NEWLINE]cc: @FBI @SecretService[NEWLINE][NEWLINE]https://t.co/TbAdlDt5iY",Trump,Against,Biden,Neutral,Test
@realDonaldTrump Repeal trump and his administration. Vote #BidenHarris2020,Trump,Against,Biden,Favor,Test
@GOPLeader @realDonaldTrump Republicans have created the worst economies in history.... more than once.  And it's been Democrats who pulled us out everytime.  [NEWLINE]We will do it again[NEWLINE]#BidenHarris2020 https://t.co/0E0sglcBEM,Trump,Against,Biden,Favor,Test
https://t.co/hIO7G8dcjj Everyone interested US politics &amp; the revulsion that was Donald Trump's 2016 win should watch this report all about black voter suppression. #TrumpMustGo #TrumpIsARacist #BidenHarris2020 #DeterringDemocracy #deterrence,Trump,Against,Biden,Favor,Test
"Next week @realDonaldTrump will sale the US for some magic beans and he'll tell his cult that they'll be the best magic beans you'll ever seen. Plot twist, they'll believe him.  [NEWLINE]#Covita #BidenHarris2020 #VoteHimOut #VOTE",Trump,Against,Biden,Favor,Test
"It is interesting, because some of the professors that write political science textbooks out of Princeton follow my account, and this election is historical.  I don't want the history books saying Donald Trump wins MI on November 3rd.  Please vote for Joe and Kamala.",Trump,Against,Biden,Favor,Test
The testimony that Trump don't want you to see about the university con! #Biden2020 #Trump             https://t.co/xK3GN2IoEj,Trump,Against,Biden,Favor,Test
"@JoeBiden They do... the top 10% pays 70% of all taxes. Interesting that you will be taxing everyone making over $400,000. Who makes $400,000? Oh yes the president. Youâ€™re losing it man have fun in the ring with big don tonight! #trump2020",Trump,Favor,Biden,Against,Test
"Joe and Kamala are winners, regardless! #Democrat #WomenForBiden #mccainsrevenge #JohnMcCain #Biden #ObamaWasBetterAtEverything #TrumpIsLosing #Biden  #Arizona #BidenHarrisToSaveAmerica #KamalaHarrisVP #NastyWoman #Liberal #McCain https://t.co/LzydhNUDR0",Trump,Against,Biden,Favor,Test
"@20jarett24 My reply to D.L.:[NEWLINE][NEWLINE]Itâ€™s almost as if the Dems MASKED the solution for prevention. If only I could put my WASHED finger(s) on it. The answer is out there, perhaps at a SOCIALLY SAFE DISTANCE. ğŸ¤” #COVID19 #WearAMaskÂ  #BidenHarris2020 #voteÂ  #VoteHimOut2020",Trump,Against,Biden,Favor,Test
"@dinosaurgirl @donwinslow @danpfeiffer Couple of Dan's observations:[NEWLINE][NEWLINE]...Trump has been at least ""authoritarian curious.""[NEWLINE][NEWLINE]...Let's be honest: Trump is not some mastermind criminal... Were he not president, he would end up on one of BuzzFeed's lists of ""America's dumbest criminals,"" ...[NEWLINE][NEWLINE]@BuzzFeed[NEWLINE]#BidenHarris2020",Trump,Against,Biden,Favor,Test
"@SenTedCruz NO FOREIGN POLICY QUESTIONS? Man, That Pisses Me Off! TRUMP Is A Genius on Foreign Policy and Joe Doesn't Know ğŸ’©[NEWLINE]About Anything! If He Won, Kamala Harris will be president (lower case) In Six Months, and That Really Pisses Me Off!ğŸ˜¡ğŸ˜¡ğŸ˜¡ğŸ˜¡ https://t.co/cH4n2mhASI",Trump,Favor,Biden,Against,Test
Canâ€™t wait to see Biden dragggggg the fat toad tonight! #BidenHarris2020,Trump,Against,Biden,Favor,Test
@JoeBiden #200million people really? @jaketapper #CoronavirusPandemic #HarrisBiden2020 #TrumpPence2020 [NEWLINE]ğŸ‘‡ğŸ½ğŸ‘‡ğŸ½ğŸ‘‡ğŸ½ https://t.co/9T1woKSh6s,Trump,Neutral,Biden,Neutral,Test
"#Trump  #Trump2020 #Trump2020LandslideVictory #MAGA2020 @RealJamesWoods @BreitbartNews @dbongino @seanhannity @catturd2 @TrumpWarRoom #DEMS WILL CHEAT,LIE,STEAL2 WIN THIS ELECTION@ANY COST! NEED 100-300K LAWYERS 2 B PRESENT AT BALLOTS SENT in BY MAIL! Fraud,Fraud w/b[NEWLINE]RAMPANT!",Trump,Favor,Biden,Against,Test
@PreetBharara don't believe their lies. this is another marketing tactic by #trump #TrumpDoesnothavecovid he is trying to get the attention away from #BidenHarris2020,Trump,Against,Biden,Favor,Test
Yâ€™all really want four (and according to him...infinite) more years of this???? Please think. #SaveDemocracy #VoteTrumpOut #BidenHarris2020 #RidenWithBiden #VoteBlueToSaveAmerica #VoteBlueToEndThisNightmare #Election2020,Trump,Against,Biden,Favor,Test
We The People want to know... #wherestheriver #wherestheriver #wherestheriver #wherestheriver #wherestheriver #wherestheriver #wherestheriver #wherestheriver #VoteBidenHarrisToEndThisNightmare #VoteBidenHarrisToSaveAmerica #VoteBlue2020 #JoeBiden [NEWLINE]@JoeBiden @KamalaHarris ğŸŒŠğŸ’™ğŸŒŠğŸ’™ https://t.co/8vuicSczfN,Trump,Against,Biden,Favor,Test
@realDonaldTrump Probably without a mask too... #TrumpVirus #TrumpLiedPeopleDied #MAGA2020 #VoteBlue https://t.co/EMay6CevyZ,Trump,Against,Biden,Favor,Test
#TrumpTaxes #BBNaijaFinale #TrumpMeltdown #Biden2020  I pray you each get wellness help; big churches have free classes on emotional health and transforming your life @IngrahamAngle @RaymondArroyo https://t.co/rj77dmWI6w,Trump,Against,Biden,Favor,Test
@TheRock @JoeBiden @KamalaHarris Bye bye Rock! Itâ€™s been fun but I canâ€™t support you or anything you are a part of if you are so blind as to think Biden/Harris would be anything but damaging to the ğŸ‡ºğŸ‡¸ that I love! #Trump2020 #MAGA,Trump,Favor,Biden,Against,Test
The only thing Trump ran well was his businesses into the ground like heâ€™s doing to our Country [NEWLINE]#BidenHarris2020,Trump,Against,Biden,Favor,Test
"@realDonaldTrump Mr. President, simply put, you got owned last night by @JoeBiden. Heâ€™s the better person, man and when heâ€™s President, our country can regain its soul and truly tackle this COVID threat you have ignored for 9 months. #BidenHarris2020",Trump,Against,Biden,Favor,Test
